﻿Anno,Trimestre,Mese,Giorno,Anno,Trimestre,Mese,Giorno,demographic,Somma di favorites,main_genre,manga_id,Somma di members,Somma di popularity,Somma di rank,Somma di score,Somma di scored_by,source,status,studios,title,type,year
1973,Qtr 2,aprile,1,1973,Qtr 3,settembre,30,Shounen,138,Adventure,c9f61c57-44e9-4f0d-a738-bfab26c1b43a,21588,5011,2372,0.74,11748,Manga,Finished Airing,Nippon TV Douga,Doraemon,TV,1973
1983,Qtr 2,aprile,3,1986,Qtr 4,ottobre,1,Shounen,84,Comedy,7b9d73ff-a19e-4817-9eb7-657471f4d8d5,14533,5844,3283,7.22,4653,Manga,Finished Airing,Toei Animation,Kinnikuman,TV,1983
1986,Qtr 1,febbraio,26,1989,Qtr 2,aprile,12,Shounen,17073,Action,b34fd04a-eadb-4462-8d97-94980083ed25,1090462,148,687,7.98,697722,Manga,Finished Airing,Toei Animation,Dragon Ball,TV,1986
1987,Qtr 2,aprile,6,1988,Qtr 1,marzo,7,Shounen,647,Comedy,2cc24601-a9e2-4450-a663-3a900b34d4fb,51536,3286,1926,7.51,13780,Manga,Finished Airing,Pierrot,Kimagure Orange☆Road,TV,1987
1987,Qtr 2,aprile,6,1988,Qtr 1,marzo,28,Shounen,1067,Action,f1c716b5-e82f-4625-a646-280cfa66abad,86287,2450,803,7.91,25332,Manga,Finished Airing,Sunrise,City Hunter,TV,1987
1988,Qtr 1,marzo,9,1988,Qtr 4,dicembre,23,Seinen,12,Unknown,5e522e50-873d-423c-af87-7be14b4a6aa8,4390,9382,5497,6.77,1197,Manga,Finished Airing,Studio Deen,F,TV,1988
1989,Qtr 4,ottobre,2,1991,Qtr 1,gennaio,28,Kids,0,Adventure,d350753f-7cf2-41a9-b75b-e0196149c702,1038,14225,8312,0.63,270,Mixed media,Finished Airing,Unknown,Parasol Henbei,TV,1989
1993,Qtr 4,ottobre,16,1996,Qtr 1,marzo,23,Shounen,7694,Sports,319df2e2-e6a6-4e3a-a31c-68539c140a84,319372,809,119,8.55,144050,Manga,Finished Airing,Toei Animation,Slam Dunk,TV,1993
1998,Qtr 4,ottobre,6,1999,Qtr 1,marzo,30,Seinen,153,Adventure,b965ba5a-52a3-42c0-b16e-bbea1ee4b8cc,30469,4301,1576,7.61,6421,Manga,Finished Airing,Madhouse,Master Keaton,TV,1998
1999,Qtr 4,ottobre,16,2001,Qtr 1,marzo,31,Shounen,11574,Action,db692d58-4b13-4174-ae8c-30c515c0689c,618849,375,190,8.42,301186,Manga,Finished Airing,Nippon Animation,Hunter x Hunter,TV,1999
1999,Qtr 4,ottobre,20,2025,Qtr 2,maggio,12,Shounen,235865,Action,a1c7c817-4e59-43b7-9365-09675a149a6f,2508054,17,51,8.73,1426622,Manga,Currently Airing,Toei Animation,One Piece,TV,1999
2001,Qtr 1,gennaio,8,2001,Qtr 4,dicembre,24,Kids,406,Adventure,1d2aac6a-2bb4-4571-8f1a-c90bac6624dd,118280,1990,5408,6.79,74501,Manga,Finished Airing,Madhouse,Bakuten Shoot Beyblade,TV,2001
2002,Qtr 4,ottobre,5,2003,Qtr 3,settembre,20,Shounen,890,Action,4b3278e3-6eca-4ef3-866a-fcfcbc54b2f8,125723,1891,1705,7.57,54834,Manga,Finished Airing,Studio Deen,GetBackers,TV,2002
2003,Qtr 4,ottobre,4,2004,Qtr 4,ottobre,2,Shounen,26302,Action,f9c9614d-0657-44c6-9c33-47fd58cd51b3,1512804,83,516,8.11,911346,Manga,Finished Airing,Bones,Fullmetal Alchemist,TV,2003
2003,Qtr 4,novembre,25,2004,Qtr 2,giugno,10,Shounen,1943,Action,1a0b6925-9710-48b0-83a5-adf144d10479,232097,1129,1598,0.76,105979,Manga,Finished Airing,Gonzo,Chrno Crusade,TV,2003
2004,Qtr 1,gennaio,7,2004,Qtr 1,marzo,31,Josei,271,Action,16821c7e-c93e-4bd2-8b0b-c27f2476d952,50865,3315,2317,7.41,22895,Manga,Finished Airing,Madhouse,Gokusen,TV,2004
2004,Qtr 2,aprile,7,2005,Qtr 3,settembre,28,Seinen,57177,Drama,eb1e9858-5d3c-4c3e-a394-12c5b4d0b55f,1218489,123,24,8.88,462497,Manga,Finished Airing,Madhouse,Monster,TV,2004
2004,Qtr 4,ottobre,7,2005,Qtr 1,marzo,31,Shounen,8806,Drama,4cf9b503-439a-48f7-9fc5-21831087a421,357704,716,298,8.29,145721,Manga,Finished Airing,Madhouse,Beck,TV,2004
2005,Qtr 1,gennaio,6,2005,Qtr 2,giugno,30,Shounen,501,Action,d08a69ee-9f90-439a-b17d-da561eda2c66,145484,1694,4732,6.92,65608,Manga,Finished Airing,Xebec,Mahou Sensei Negima!,TV,2005
2005,Qtr 2,giugno,29,2005,Qtr 3,settembre,27,Shounen,284,Award Winning,f2fdd80f-1aa2-416a-83e2-7818bec25cf1,66355,2875,2600,7.35,19472,Original,Finished Airing,Brain's Base,Kamichu!,TV,2005
2005,Qtr 3,luglio,7,2005,Qtr 4,dicembre,29,Shounen,657,Drama,69766b88-5843-4c6b-8c2b-e1da42e4c55f,120115,1956,3574,7.16,55484,Manga,Finished Airing,Studio Comet,Suzuka,TV,2005
2005,Qtr 4,ottobre,14,2005,Qtr 4,dicembre,30,Josei,4922,Drama,2419695a-840b-4e3a-8d0c-d19d050c7afa,242808,1075,886,7.87,104393,Manga,Finished Airing,Madhouse,Paradise Kiss,TV,2005
2006,Qtr 1,febbraio,3,2006,Qtr 1,marzo,31,Seinen,321,Comedy,5ebe4265-da26-4a3f-a2e4-5634af489ce5,115675,2022,2992,7.27,58896,Manga,Finished Airing,Shaft,Rec,TV,2006
2006,Qtr 2,aprile,4,2010,Qtr 1,marzo,25,Shounen,60351,Action,f65444dc-3694-4e31-a166-8afb2938ed55,1108360,145,17,8.93,409527,Manga,Finished Airing,Sunrise,Gintama,TV,2006
2006,Qtr 2,aprile,9,2006,Qtr 2,giugno,25,Seinen,19788,Action,6da0b34b-db19-491a-b85c-6e31e0986f15,1058376,158,623,8.03,514321,Manga,Finished Airing,Madhouse,Black Lagoon,TV,2006
2006,Qtr 3,settembre,8,2006,Qtr 4,novembre,24,Seinen,407,Action,08bf08c3-b479-485e-b3c4-bca1462ad75f,105838,2148,4001,7.08,56429,Light novel,Finished Airing,"Group TAC,Studio Live",Black Blood Brothers,TV,2006
2006,Qtr 4,ottobre,3,2008,Qtr 3,settembre,30,Shounen,13702,Action,b6886009-e60b-44a7-abc2-a575765277ba,712019,304,668,0.08,292184,Manga,Finished Airing,TMS Entertainment,D.Gray-man,TV,2006
2006,Qtr 4,ottobre,6,2006,Qtr 4,dicembre,22,Shounen,40,Comedy,010a8ee8-847b-44dd-a269-9ac472e9f91a,37654,3894,8078,6.34,16672,Visual novel,Finished Airing,Artland,Happiness!,TV,2006
2007,Qtr 2,aprile,1,2008,Qtr 1,marzo,30,Shounen,1591,Action,9a247e9e-3f89-4bc9-bd33-6b36616502b9,231889,1131,1963,0.75,99547,Manga,Finished Airing,SynergySP,Hayate no Gotoku!,TV,2007
2007,Qtr 2,aprile,8,2007,Qtr 3,settembre,17,Shounen,12800,Comedy,31fbb1af-3df1-496e-992f-b7f96a34d1ab,672994,336,1160,7.75,331762,4-koma manga,Finished Airing,Kyoto Animation,Lucky☆Star,TV,2007
2007,Qtr 2,aprile,13,2007,Qtr 3,settembre,28,Shounen,216,Action,8589d1a7-01a3-469e-a1ae-8a682f8c987a,83984,2492,4567,6.96,30373,Manga,Finished Airing,Madhouse,Kaibutsu Oujo,TV,2007
2007,Qtr 2,giugno,15,2008,Qtr 3,settembre,13,Seinen,655,Action,68669554-88ef-43ac-966b-e41d56682290,47822,3417,1996,7.49,18632,Manga,Finished Airing,A.C.G.T.,Wangan Midnight,TV,2007
2007,Qtr 3,luglio,4,2007,Qtr 3,settembre,26,Shounen,90,Comedy,21accf94-e223-4c3b-904d-18a29cd1cad9,40849,3744,3922,0.71,17203,Manga,Finished Airing,Artland,Kenkou Zenrakei Suiei-bu Umishou,TV,2007
2007,Qtr 4,ottobre,2,2008,Qtr 2,aprile,1,Seinen,281,Comedy,fa6c64e2-cfb5-45d8-98ac-47ec34d33005,90479,2374,2865,7.29,41594,Manga,Finished Airing,AIC ASTA,Bamboo Blade,TV,2007
2007,Qtr 4,ottobre,8,2007,Qtr 4,dicembre,31,Seinen,1078,Comedy,25886ab0-17f1-4801-b929-6b36fe4e5214,177847,1422,1464,7.64,72531,Manga,Finished Airing,Daume,Minami-ke,TV,2007
2007,Qtr 4,dicembre,8,2007,Qtr 4,dicembre,8,Shounen,18,Comedy,a77742b1-befd-49a4-bff5-1ad4e6b0ef7b,8834,7162,13002,5.19,5603,Original,Finished Airing,Unknown,Chainsaw Maid,ONA,2007
2007,Qtr 4,dicembre,12,2008,Qtr 1,febbraio,27,Shounen,23,Action,85da2889-911d-4312-9381-b0afbe64e0f7,30285,4312,8280,0.63,12968,Visual novel,Finished Airing,Tokyo Kids,Ayakashi,TV,2008
2008,Qtr 1,gennaio,3,2008,Qtr 1,marzo,27,Shounen,3529,Comedy,205f6092-cfaf-470d-b997-eb2f5d3b60b2,708921,305,5720,6.73,407365,Manga,Finished Airing,Gonzo,Rosario to Vampire,TV,2008
2008,Qtr 2,aprile,4,2008,Qtr 3,settembre,26,Shounen,4244,Comedy,1b898b68-663c-462f-9689-d5e40ce5a8e5,662864,343,4520,6.97,331717,Manga,Finished Airing,Xebec,To LOVE-Ru,TV,2008
2008,Qtr 2,aprile,7,2009,Qtr 1,marzo,30,Shounen,28558,Action,53ef1720-7a5d-40ad-90b0-2f9ca0a1ab01,1691677,64,923,7.85,872339,Manga,Finished Airing,Bones,Soul Eater,TV,2008
2008,Qtr 2,aprile,8,2008,Qtr 3,settembre,30,Shoujo,220,Action,b0c8f27b-396f-47f5-be81-85ed28115a2e,61650,2996,4695,6.93,22846,Manga,Finished Airing,A.C.G.T.,Monochrome Factor,TV,2008
2008,Qtr 4,ottobre,3,2009,Qtr 1,marzo,27,Shounen,23077,Action,8bd19e5c-94f7-4368-a918-50f463857446,1228680,121,1430,7.65,628533,Manga,Finished Airing,A-1 Pictures,Kuroshitsuji,TV,2008
2008,Qtr 4,ottobre,7,2008,Qtr 4,dicembre,23,Seinen,329,Action,265b53b5-f9dc-489d-b0ac-d3fd14584b8e,99860,2232,5086,6.85,33164,Manga,Finished Airing,Madhouse,Kurozuka,TV,2008
2008,Qtr 4,ottobre,9,2008,Qtr 4,dicembre,25,Shounen,738,Mystery,5f518b39-298d-430c-89ae-963aba99928d,292987,892,8433,6.28,155513,Visual novel,Finished Airing,Madhouse,ChäoS;HEAd,TV,2008
2009,Qtr 2,aprile,3,2009,Qtr 2,giugno,26,Seinen,24758,Comedy,227e498f-ff83-4d2a-8c76-eaa9d83863c4,1088663,151,904,7.86,591437,4-koma manga,Finished Airing,Kyoto Animation,K-On!,TV,2009
2009,Qtr 2,aprile,6,2009,Qtr 2,giugno,22,Shounen,123,Romance,0f551f5c-3d72-4ee1-8ed4-da99f908ab73,72507,2732,5910,0.67,30837,Visual novel,Finished Airing,SILVER LINK.,Tayutama: Kiss on My Deity,TV,2009
2009,Qtr 3,luglio,3,2010,Qtr 2,giugno,25,Shounen,50141,Mystery,4265c437-7d57-4d31-9b1d-0e574a07b7b7,1446529,95,264,8.32,751730,Light novel,Finished Airing,Shaft,Bakemonogatari,TV,2009
2009,Qtr 4,ottobre,3,2010,Qtr 1,marzo,20,Shounen,6040,Action,d00bd104-d9b2-4ee9-a088-b5065d1c406a,629803,366,1444,7.65,295890,Manga,Finished Airing,J.C.Staff,Toaru Kagaku no Railgun,TV,2009
2009,Qtr 4,ottobre,12,2013,Qtr 1,marzo,30,Shounen,47133,Action,3b3678f2-e016-421e-a790-d32d8910bc6c,1794594,54,1702,7.57,1037308,Manga,Finished Airing,"Satelight,A-1 Pictures",Fairy Tail,TV,2009
2010,Qtr 2,aprile,2,2010,Qtr 3,settembre,24,Shoujo,23293,Comedy,d5e2bd89-e300-4262-a799-fb4f79bdb777,1294244,108,676,7.99,752963,Manga,Finished Airing,J.C.Staff,Kaichou wa Maid-sama!,TV,2010
2010,Qtr 2,aprile,5,2010,Qtr 2,giugno,21,Seinen,1809,Comedy,bf55dd16-ba26-49de-adb3-cbf7d2bc6775,590308,396,6677,6.57,346021,Manga,Finished Airing,feel.,Kiss x Sis (TV),TV,2010
2011,Qtr 1,gennaio,7,2011,Qtr 2,aprile,1,Shounen,2307,Action,0995e648-2e90-4243-91ac-fdb493a86c62,659040,346,6481,6.61,370582,Light novel,Finished Airing,8bit,IS: Infinite Stratos,TV,2011
2011,Qtr 1,gennaio,7,2011,Qtr 2,aprile,8,Seinen,291,Action,f1e0fed4-2f72-43ab-8c00-58867312288d,140082,1740,4881,6.89,63890,Manga,Finished Airing,J.C.Staff,Yumekui Merry,TV,2011
2011,Qtr 1,gennaio,8,2011,Qtr 2,aprile,7,Seinen,1172,Action,087ca0c7-33e8-4c71-b8eb-64bf27aedb11,334236,775,5440,6.78,175689,Manga,Finished Airing,A.C.G.T.,Freezing,TV,2011
2011,Qtr 2,aprile,3,2011,Qtr 3,settembre,25,Shounen,24709,Comedy,f5bf9cc3-d003-47fe-bc76-99774b2a0562,939389,194,159,8.47,384911,Manga,Finished Airing,Kyoto Animation,Nichijou,TV,2011
2011,Qtr 2,aprile,11,2011,Qtr 2,giugno,26,Seinen,244,Comedy,57182181-725b-4f36-9997-cb9ef1dceeba,151286,1643,7364,6.46,71082,Manga,Finished Airing,Diomedéa,Astarotte no Omocha!,TV,2011
2011,Qtr 3,luglio,5,2011,Qtr 3,settembre,20,Seinen,4508,Award Winning,6306c976-d776-48c3-b29f-d345e65f272b,346033,740,1740,7.56,155120,Manga,Finished Airing,Doga Kobo,Yuru Yuri,TV,2011
2011,Qtr 4,ottobre,5,2012,Qtr 1,marzo,28,Josei,8171,Drama,d7d5f269-6969-4f86-af89-ee57a6180f36,478590,502,420,8.18,189352,Manga,Finished Airing,Madhouse,Chihayafuru,TV,2011
2011,Qtr 4,ottobre,7,2011,Qtr 4,dicembre,23,Shounen,3863,Comedy,d9dd19f4-c030-4559-ae92-36e32f8d93c9,833293,243,3684,7.14,464569,Light novel,Finished Airing,AIC Build,Boku wa Tomodachi ga Sukunai,TV,2011
2011,Qtr 4,ottobre,9,2011,Qtr 4,dicembre,25,Shounen,1203,Action,15437492-7066-4a16-95d1-a363541f3776,337146,767,3495,7.18,171012,Light novel,Finished Airing,David Production,Ben-To,TV,2011
2012,Qtr 1,gennaio,10,2012,Qtr 1,marzo,27,Seinen,18093,Horror,4f639282-5667-4283-bc52-ccc78986eb71,1724303,60,2108,7.46,1022789,Novel,Finished Airing,P.A. Works,Another,TV,2012
2012,Qtr 2,aprile,13,2012,Qtr 4,novembre,20,Shounen,199,Action,5353b1d5-ceec-40d7-b025-2690a6108b72,98962,2253,6287,6.64,43456,Manga,Finished Airing,Bones,Eureka Seven AO,TV,2012
2012,Qtr 2,giugno,4,2013,Qtr 1,febbraio,25,Seinen,2041,Action,077a3fed-1634-424f-be7a-9a96b7f07b78,236910,1100,845,7.89,81892,Manga,Finished Airing,Pierrot,Kingdom,TV,2012
2012,Qtr 3,settembre,29,2013,Qtr 1,marzo,23,Shounen,22248,Drama,f7e56139-06b6-43b2-8be9-480ff2db2e33,800582,257,339,8.25,283778,Novel,Finished Airing,A-1 Pictures,Shinsekai yori,TV,2012
2012,Qtr 4,ottobre,4,2012,Qtr 4,dicembre,20,Seinen,3438,Action,805c3a24-64c3-410f-9216-c828ab6b60f2,883443,216,3014,7.27,504569,Manga,Finished Airing,Madhouse,Btooom!,TV,2012
2013,Qtr 1,gennaio,1,2013,Qtr 1,gennaio,1,Seinen,0,Avant Garde,555df6ab-be63-4be0-b96e-b5017742d0b7,210,21494,19350,,,Other,Finished Airing,Unknown,Asa,ONA,2013
2013,Qtr 2,aprile,5,2013,Qtr 2,giugno,28,Seinen,29647,Comedy,23b51846-bec4-41e4-a9a2-a034064d01eb,1500847,86,666,0.08,886276,Light novel,Finished Airing,Brain's Base,Yahari Ore no Seishun Love Comedy wa Machigatteiru.,TV,2013
2013,Qtr 2,aprile,29,2013,Qtr 3,luglio,1,Shounen,30,Slice of Life,980e8042-e420-476d-afa7-f7f5d3c512ea,26051,4630,6977,6.52,12292,Manga,Finished Airing,"Ordet,Encourage Films",Miyakawa-ke no Kuufuku,ONA,2013
2013,Qtr 3,luglio,9,2013,Qtr 3,settembre,24,Shounen,5978,Comedy,e182b09f-09ab-4201-8f37-0ced6822eb39,677697,329,4455,6.99,351114,Web manga,Finished Airing,SILVER LINK.,Watashi ga Motenai no wa Dou Kangaetemo Omaera ga Warui!,TV,2013
2013,Qtr 4,ottobre,2,2013,Qtr 4,dicembre,25,Seinen,227,Action,092eda70-21b5-4f60-b04f-9f54f7dfa7a7,123936,1914,7303,6.47,54292,Manga,Finished Airing,GoHands,Coppelion,TV,2013
2013,Qtr 4,ottobre,4,2014,Qtr 1,marzo,28,Shounen,13804,Drama,65c2e647-29d5-48fb-a612-db24ec86e894,1088673,150,1189,7.74,571814,Light novel,Finished Airing,J.C.Staff,Golden Time,TV,2013
2014,Qtr 1,gennaio,5,2014,Qtr 1,marzo,23,Seinen,798,Action,34f72e29-1bda-40df-ae93-0e1c32d96ea6,356077,721,4497,6.98,164907,Manga,Finished Airing,J.C.Staff,Witch Craft Works,TV,2014
2014,Qtr 1,gennaio,6,2014,Qtr 2,maggio,26,Seinen,692,Comedy,7e45964e-87d0-43bd-90c1-51d5165f371c,246769,1052,1865,7.53,112549,Manga,Finished Airing,Shin-Ei Animation,Tonari no Seki-kun,TV,2014
2014,Qtr 2,aprile,6,2014,Qtr 3,settembre,21,Shounen,76097,Sports,8f8b7cb0-7109-46e8-b12c-0448a6453dfa,2069826,37,176,8.44,1286174,Manga,Finished Airing,Production I.G,Haikyuu!!,TV,2014
2014,Qtr 2,aprile,6,2014,Qtr 3,settembre,21,Shounen,851,Sports,c433f163-d610-49ba-a031-a1f3b6377af2,150756,1647,1067,7.79,76130,Manga,Finished Airing,Pierrot,Baby Steps,TV,2014
2014,Qtr 2,aprile,8,2014,Qtr 3,luglio,1,Seinen,3801,Action,ddb16b82-3902-477b-abee-2b462daa6b5f,947039,192,4071,7.07,499273,Light novel,Finished Airing,"Kinema Citrus,Orange",Black Bullet,TV,2014
2014,Qtr 3,luglio,7,2014,Qtr 4,dicembre,15,Shounen,29886,Action,48680ee2-afd4-4e73-9d20-c108900a4b3b,2176688,30,2065,7.47,1358917,Manga,Finished Airing,White Fox,Akame ga Kill!,TV,2014
2014,Qtr 3,luglio,8,2014,Qtr 3,settembre,23,Shoujo,10935,Romance,aa0399ae-d9e8-44ce-9459-30763de36604,970413,185,1486,7.63,517681,Manga,Finished Airing,Production I.G,Ao Haru Ride,TV,2014
2014,Qtr 3,agosto,16,2014,Qtr 3,agosto,16,Shounen,2,Unknown,44faf1a4-48f2-486a-85e7-76d8504cb8fb,546,16741,13728,4.43,303,Original,Finished Airing,Unknown,Roll,ONA,2014
2014,Qtr 4,ottobre,4,2014,Qtr 4,dicembre,27,Seinen,1061,Action,2e49632c-c3c6-443a-a86d-f588f331eef2,377591,670,3907,0.71,186593,Light novel,Finished Airing,Satelight,Madan no Ou to Vanadis,TV,2014
2015,Qtr 1,gennaio,4,2015,Qtr 1,marzo,22,Shounen,1566,Action,4a61b19c-384c-4ca4-80dd-c17549e2aff9,574589,412,7655,6.41,322920,Light novel,Finished Airing,8bit,Absolute Duo,TV,2015
2015,Qtr 1,gennaio,9,2015,Qtr 1,marzo,27,Seinen,10606,Action,a66ff0a3-7f4b-48ca-b153-0029e45bbebf,1834417,51,4329,7.02,1233534,Manga,Finished Airing,Pierrot,Tokyo Ghoul √A,TV,2015
2015,Qtr 2,aprile,4,2015,Qtr 2,giugno,27,Seinen,12433,Action,8b459a49-b40f-4614-90a2-dc0a9209a42f,1596592,75,1850,7.53,985563,Light novel,Finished Airing,J.C.Staff,Dungeon ni Deai wo Motomeru no wa Machigatteiru Darou ka,TV,2015
2015,Qtr 3,luglio,2,2015,Qtr 3,settembre,24,Seinen,3966,Action,4e6c7ed7-2111-4a3b-b34c-fbf07b1884c4,603920,386,2316,7.41,289218,Manga,Finished Airing,Manglobe,Gangsta.,TV,2015
2015,Qtr 3,luglio,3,2015,Qtr 3,settembre,18,Shounen,1309,Sports,16b4668b-ef24-46fa-9631-c594026c6249,223729,1174,3651,7.15,104067,Manga,Finished Airing,Brain's Base,Aoharu x Kikanjuu,TV,2015
2015,Qtr 3,luglio,5,2015,Qtr 3,settembre,20,Shounen,2681,Action,e9b9e6d0-bf39-4ad0-936e-6a627adcb6da,655935,348,3069,7.26,341627,Light novel,Finished Airing,Passione,Rokka no Yuusha,TV,2015
2015,Qtr 3,luglio,5,2018,Qtr 1,marzo,25,Shounen,11012,Action,37b87be0-b1f4-4507-affa-06c99ebb27f8,872498,219,2113,7.46,561490,Manga,Finished Airing,Toei Animation,Dragon Ball Super,TV,2015
2015,Qtr 3,luglio,7,2015,Qtr 3,settembre,22,Shoujo,8072,Drama,af7cc594-4f6a-4c0a-8f74-16748910dee5,708562,306,1131,7.76,347216,Manga,Finished Airing,Bones,Akagami no Shirayuki-hime,TV,2015
2015,Qtr 3,luglio,7,2015,Qtr 3,settembre,29,Shounen,570,Comedy,a990c2a1-b54f-4f4f-986c-3cdab1c9f2f9,285650,911,5242,6.82,132098,Manga,Finished Airing,TMS Entertainment,Jitsu wa Watashi wa,TV,2015
2015,Qtr 3,luglio,9,2015,Qtr 3,settembre,24,Seinen,5600,Horror,54eed888-51c1-41de-8b00-7eb65b832234,468458,516,1560,7.61,225691,Manga,Finished Airing,Lerche,Gakkougurashi!,TV,2015
2015,Qtr 4,ottobre,4,2015,Qtr 4,dicembre,20,Seinen,81,Comedy,0025e816-e52c-47da-88fe-fdd5a5170299,80574,2561,8519,6.26,33383,4-koma manga,Finished Airing,Artland,Komori-san wa Kotowarenai!,TV,2015
2015,Qtr 4,ottobre,5,2015,Qtr 4,dicembre,21,Seinen,65681,Action,d8a959f7-648e-4c8d-8f23-f1f3f8e129f3,3364222,4,148,8.49,2324139,Web manga,Finished Airing,Madhouse,One Punch Man,TV,2015
2016,Qtr 1,gennaio,7,2016,Qtr 1,marzo,31,Josei,273,Adventure,47fd34c2-9ff9-48e7-8965-9c8bdb6fbd1b,91125,2367,6872,6.54,33625,Visual novel,Finished Airing,"Kinema Citrus,Orange",Norn9: Norn+Nonet,TV,2016
2016,Qtr 1,gennaio,14,2016,Qtr 1,marzo,17,Shounen,46520,Adventure,bcfa196d-d162-45f5-a224-61d26b04a077,2058438,39,525,0.81,1329922,Light novel,Finished Airing,Studio Deen,Kono Subarashii Sekai ni Shukufuku wo!,TV,2016
2016,Qtr 2,aprile,5,2016,Qtr 2,giugno,21,Shounen,684,Action,a3089f9c-37d5-46d6-bf91-56c93410b946,386537,652,8295,0.63,198082,Light novel,Finished Airing,Production IMS,Hundred,TV,2016
2016,Qtr 2,aprile,7,2016,Qtr 2,giugno,23,Seinen,28242,Action,3fba42cf-2ad6-4c30-a7ab-46cb8149208a,1470028,90,1022,7.81,743128,Manga,Finished Airing,Bones,Bungou Stray Dogs,TV,2016
2016,Qtr 2,aprile,10,2016,Qtr 2,giugno,26,Shounen,1367,Fantasy,f7f430ab-2c24-49d3-b698-c9ff4787805b,278164,932,1960,0.75,110803,Manga,Finished Airing,J.C.Staff,Flying Witch,TV,2016
2016,Qtr 3,luglio,1,2016,Qtr 3,settembre,16,Seinen,2665,Action,801513ba-a712-498c-8f57-cae55b38cc92,380479,665,8088,6.33,189188,Manga,Finished Airing,"Millepensee,GEMBA",Berserk,TV,2016
2016,Qtr 3,luglio,2,2016,Qtr 3,settembre,24,Shounen,10399,Drama,6e3553b9-ddb5-4d37-b7a3-99998044774e,1088372,152,713,7.96,606469,Web manga,Finished Airing,TMS Entertainment,ReLIFE,TV,2016
2016,Qtr 3,luglio,4,2016,Qtr 3,settembre,19,Seinen,2896,Comedy,d7a0991d-2913-4b3c-8fb6-2b752f9e5f3a,443702,554,1766,7.55,210300,4-koma manga,Finished Airing,Doga Kobo,New Game!,TV,2016
2016,Qtr 3,luglio,4,2016,Qtr 3,settembre,26,Shoujo,7206,Drama,cffdc4f4-0cd9-409b-b88c-62aaf2882e07,863040,226,1479,7.63,415972,Manga,Finished Airing,Telecom Animation Film,Orange,TV,2016
2016,Qtr 3,luglio,9,2016,Qtr 4,ottobre,1,Seinen,8364,Action,dc90853b-a3e6-4d5b-8b47-1fa15aa15923,758997,283,963,7.83,346162,Original,Finished Airing,Shuka,91 Days,TV,2016
2016,Qtr 4,ottobre,2,2016,Qtr 4,dicembre,25,Shoujo,225,Fantasy,e17f4271-6b0a-4cd7-a879-3101fae91778,59651,3042,4403,0.07,22716,Mixed media,Finished Airing,Sunrise,Magic-Kyun! Renaissance,TV,2016
2016,Qtr 4,ottobre,7,2017,Qtr 1,marzo,31,Seinen,392,Sports,dea1fb8b-c56d-4f1d-a78a-86b9aebc4cf5,116837,2005,4205,7.04,51775,Manga,Finished Airing,"Madhouse,TMS Entertainment",All Out!!,TV,2016
2016,Qtr 4,ottobre,15,2016,Qtr 4,ottobre,15,Shounen,30,Action,f95d0c9c-b14e-494d-84f8-dd22cdcef347,21742,4996,7662,6.41,8340,Manga,Finished Airing,Studio Deen,Luger Code 1951,ONA,2016
2017,Qtr 1,gennaio,5,2017,Qtr 1,marzo,23,Shounen,3426,Comedy,bb5d9e0b-3736-432b-b3fe-dc08920243e9,929779,198,5623,6.75,541948,Manga,Finished Airing,SILVER LINK.,Masamune-kun no Revenge,TV,2017
2017,Qtr 1,gennaio,6,2017,Qtr 1,marzo,24,Seinen,419,Comedy,d4b7398f-1a4d-46bb-bb5f-b5ca9c899362,134586,1798,3878,7.11,42993,4-koma manga,Finished Airing,J.C.Staff,Urara Meirochou,TV,2017
2017,Qtr 1,gennaio,8,2017,Qtr 1,marzo,26,Seinen,164,Slice of Life,ea7ea94e-2b1d-447b-b6fe-a35f6353494a,76477,2637,6341,6.63,36580,4-koma manga,Finished Airing,EMT Squared,Nyanko Days,TV,2017
2017,Qtr 1,gennaio,9,2017,Qtr 2,giugno,26,Seinen,7882,Adventure,be47382c-b002-4cc2-8323-bdde4dab5c3f,671832,337,1008,7.81,330478,Original,Finished Airing,Trigger,Little Witch Academia (TV),TV,2017
2017,Qtr 1,gennaio,12,2017,Qtr 2,aprile,6,Seinen,16971,Slice of Life,67b35ba4-9c53-4957-91e7-4f7884e4b412,1281452,112,784,7.92,769180,Manga,Finished Airing,Kyoto Animation,Kobayashi-san Chi no Maid Dragon,TV,2017
2017,Qtr 2,aprile,5,2017,Qtr 2,giugno,21,Shounen,860,Comedy,38777055-6792-401d-a7c2-98dc49d21641,150379,1651,2140,7.46,66909,Manga,Finished Airing,Bridge,Oushitsu Kyoushi Heine,TV,2017
2017,Qtr 2,aprile,7,2017,Qtr 2,giugno,23,Seinen,676,Comedy,42cb8c7c-6234-4814-bbb0-5bf5418d388f,383832,658,6515,0.66,189868,Web manga,Finished Airing,EMT Squared,Renai Boukun,TV,2017
2017,Qtr 2,aprile,15,2017,Qtr 3,luglio,1,Shounen,749,Action,dfffa880-4154-40d1-abd2-0dff94248908,474134,509,4008,7.08,236314,Light novel,Finished Airing,J.C.Staff,Dungeon ni Deai wo Motomeru no wa Machigatteiru Darou ka Gaiden: Sword Oratoria,TV,2017
2017,Qtr 3,luglio,2,2017,Qtr 3,settembre,24,Seinen,1053,Action,1e03d257-f014-4f96-bc42-d28ed874ff1b,279419,926,4087,7.07,139201,Light novel,Finished Airing,8bit,Knight's & Magic,TV,2017
2017,Qtr 3,luglio,2,2017,Qtr 4,dicembre,31,Seinen,2646,Action,05ccee57-de43-4e77-8381-253ff81f6cd5,495623,484,3366,0.72,263152,Light novel,Finished Airing,A-1 Pictures,Fate/Apocrypha,TV,2017
2017,Qtr 3,luglio,4,2017,Qtr 3,settembre,19,Shounen,1177,Comedy,6b177893-25a7-431c-b70a-45863806cce5,514580,463,5759,6.72,283437,4-koma manga,Finished Airing,Diomedéa,Aho Girl,TV,2017
2017,Qtr 3,luglio,4,2017,Qtr 3,settembre,19,Shounen,2766,Comedy,a840d47c-4080-4783-9c42-af8100e48079,756784,285,1820,7.54,405995,4-koma manga,Finished Airing,Studio Gokumi,Tsurezure Children,TV,2017
2017,Qtr 3,luglio,4,2017,Qtr 3,settembre,19,Shounen,1325,Drama,9903ac5f-b7ef-44ec-a7fd-a971c23473fd,435512,564,7222,6.48,205331,Web manga,Finished Airing,LIDENFILMS,Koi to Uso,TV,2017
2017,Qtr 3,luglio,12,2017,Qtr 3,settembre,13,Shounen,1726,Comedy,b0d3d73c-afc9-4d5e-b610-d0e97dc76db6,573118,414,8470,6.27,316638,Manga,Finished Airing,NAZ,Hajimete no Gal,TV,2017
2017,Qtr 4,ottobre,3,2021,Qtr 1,marzo,30,Shounen,48602,Action,e7eabe96-aa17-476f-b431-2497d5e9d060,1780327,57,475,8.14,915240,Manga,Finished Airing,Pierrot,Black Clover,TV,2017
2017,Qtr 4,ottobre,7,2017,Qtr 4,dicembre,23,Seinen,14349,Action,cade38b7-64c4-4a29-8e3c-8c283291d6c6,490195,491,205,8.39,208712,Manga,Finished Airing,Orange,Houseki no Kuni,TV,2017
2017,Qtr 4,ottobre,8,2017,Qtr 4,dicembre,24,Seinen,1849,Comedy,42f93913-0697-4c64-9018-b0ab46d40ff9,356783,720,3114,7.25,161432,Light novel,Finished Airing,SILVER LINK.,Imouto sae Ireba Ii.,TV,2017
2017,Qtr 4,ottobre,13,2017,Qtr 4,dicembre,22,Seinen,3964,Action,80f496eb-9ab2-4f9a-8e9b-1f6bd3bc8c03,676323,331,1495,7.63,326025,Manga,Finished Airing,MAPPA,Inuyashiki,TV,2017
2018,Qtr 1,gennaio,2,2018,Qtr 1,marzo,27,Seinen,14570,Adventure,fc77aaad-2372-4464-9e84-7effc65697c0,530168,448,141,8.51,227069,Original,Finished Airing,Madhouse,Sora yori mo Tooi Basho,TV,2018
2018,Qtr 1,gennaio,4,2018,Qtr 1,marzo,22,Seinen,11632,Slice of Life,1ee97895-4796-4bcf-bcd1-5ef99c011f8b,518579,458,315,8.27,229548,Manga,Finished Airing,C-Station,Yuru Camp△,TV,2018
2018,Qtr 1,gennaio,6,2018,Qtr 1,marzo,24,Shounen,3997,Drama,4a30061a-bc66-4efd-9c4b-87daf8313381,537446,440,7567,6.43,286039,Manga,Finished Airing,Passione,Citrus,TV,2018
2018,Qtr 1,gennaio,7,2018,Qtr 1,marzo,25,Shounen,351,Slice of Life,986fff4e-7ed9-4ad8-9b98-69da338c0ed8,106038,2143,2349,7.41,36275,Manga,Finished Airing,SILVER LINK.,Mitsuboshi Colors,TV,2018
2018,Qtr 1,gennaio,8,2018,Qtr 1,marzo,26,Shounen,5343,Comedy,ddcebfa2-05a0-4fcd-9cd4-60d779c38f2c,615761,379,1349,7.68,306679,Manga,Finished Airing,Shin-Ei Animation,Karakai Jouzu no Takagi-san,TV,2018
2018,Qtr 1,gennaio,12,2018,Qtr 1,marzo,30,Seinen,1676,Drama,661eaad1-3de3-4685-ae43-f534294b6d8d,322617,804,2081,7.47,130272,Manga,Finished Airing,Wit Studio,Koi wa Ameagari no You ni,TV,2018
2018,Qtr 1,gennaio,13,2018,Qtr 3,luglio,7,Shounen,33110,Action,5d95a1d5-85d0-4fa1-b08f-510dfeee3578,1726651,59,3431,7.19,1065592,Original,Finished Airing,"A-1 Pictures,Trigger,CloverWorks",Darling in the FranXX,TV,2018
2018,Qtr 2,aprile,9,2018,Qtr 2,giugno,25,Seinen,4760,Action,8847f905-550d-4fe6-bcda-ac2b896789c7,421810,585,867,7.88,174578,Manga,Finished Airing,Geno Studio,Golden Kamuy,TV,2018
2018,Qtr 2,aprile,13,2018,Qtr 2,giugno,29,Shounen,332,Award Winning,d389c514-7a4c-4edf-8a81-c2fcca96c2ec,86943,2438,2876,7.29,38825,Original,Finished Airing,Bones,Hisone to Maso-tan,TV,2018
2018,Qtr 3,luglio,5,2018,Qtr 3,settembre,20,Shounen,2538,Action,eb26ab13-148d-48e1-bff4-dcf59c4986a0,764261,277,5211,6.83,442659,Light novel,Finished Airing,Ajia-do,Isekai Maou to Shoukan Shoujo no Dorei Majutsu,TV,2018
2018,Qtr 3,luglio,10,2018,Qtr 3,settembre,17,Seinen,488,Comedy,3f28c47a-bf8d-4e79-83ca-2e64fe906372,132882,1815,4170,7.05,46272,Web manga,Finished Airing,Nomad,Jashin-chan Dropkick,TV,2018
2018,Qtr 3,luglio,14,2018,Qtr 3,settembre,29,Seinen,2946,Comedy,5018f2b1-65ee-4a76-a7f3-4bb851e1ade5,269808,964,1177,7.75,141683,Manga,Finished Airing,J.C.Staff,High Score Girl,TV,2018
2018,Qtr 3,luglio,14,2018,Qtr 3,settembre,29,Shounen,829,Comedy,2ec86196-430e-4afb-95a1-9e509051ab4b,316606,817,4465,6.98,132628,Manga,Finished Airing,Xebec,Yuragi-sou no Yuuna-san,TV,2018
2018,Qtr 4,ottobre,2,2019,Qtr 1,marzo,19,Shounen,31689,Action,e78a489b-6632-4d61-b00b-5206f5b8b22b,1547536,82,474,8.14,937375,Manga,Finished Airing,8bit,Tensei shitara Slime Datta Ken,TV,2018
2018,Qtr 4,ottobre,6,2018,Qtr 4,dicembre,22,Shounen,2096,Action,cf05fa96-b52a-4684-b884-00f0d4c21f9c,392695,644,2147,7.45,186695,Manga,Finished Airing,LIDENFILMS,Kishuku Gakkou no Juliet,TV,2018
2018,Qtr 4,ottobre,7,2018,Qtr 4,dicembre,30,Seinen,7563,Action,67a7dfd1-a39d-46c8-8ff2-9a24a9abaeb6,1183947,129,2306,7.42,705000,Light novel,Finished Airing,White Fox,Goblin Slayer,TV,2018
2018,Qtr 4,dicembre,28,2018,Qtr 4,dicembre,28,Seinen,11,Horror,cc87962a-db86-4b42-8d50-491ba9b74145,4940,9033,13144,5.11,490,Manga,Finished Airing,Unknown,Prison Lab,ONA,2018
2019,Qtr 1,gennaio,9,2019,Qtr 2,giugno,26,Seinen,25231,Action,0f237a5f-07ad-4e43-bbd9-2a320694434d,1678420,69,768,7.93,1039730,Light novel,Finished Airing,Kinema Citrus,Tate no Yuusha no Nariagari,TV,2019
2019,Qtr 1,gennaio,11,2019,Qtr 1,marzo,29,Shounen,14223,Comedy,a2febd3e-6252-46eb-bd63-01d51deaaec5,1009248,171,1486,7.63,650166,Manga,Finished Airing,Tezuka Productions,5-toubun no Hanayome,TV,2019
2019,Qtr 1,gennaio,12,2019,Qtr 1,marzo,30,Shounen,6011,Drama,4f9eab7d-a2b2-4ee5-9d59-6744f0df4e12,794743,263,6284,6.64,476958,Manga,Finished Airing,Diomedéa,Domestic na Kanojo,TV,2019
2019,Qtr 2,aprile,2,2020,Qtr 1,marzo,31,Shounen,1045,Sports,7bb7e5ae-a784-4009-98b2-8ad4a7541548,95816,2297,315,8.27,48133,Manga,Finished Airing,Madhouse,Diamond no Ace: Act II,TV,2019
2019,Qtr 2,aprile,6,2019,Qtr 2,giugno,22,Shounen,58,Comedy,119f5a65-4cd7-44ac-93e7-5d7e7fcf86a2,70399,2773,10785,5.84,26389,Web manga,Finished Airing,Seven,Joshikausei,TV,2019
2019,Qtr 2,aprile,6,2019,Qtr 2,giugno,22,Shounen,1271,Comedy,9ef97eba-e0bc-452c-9ed0-bfb645d9b536,227209,1151,2076,7.47,102002,4-koma manga,Finished Airing,C2C,Hitoribocchi no Marumaru Seikatsu,TV,2019
2019,Qtr 2,aprile,7,2019,Qtr 2,giugno,30,Shounen,1649,Comedy,6ce4c88e-381e-4c4a-a858-7585fff92f47,460921,527,3012,7.27,238384,Manga,Finished Airing,"Silver,Arvo Animation",Bokutachi wa Benkyou ga Dekinai,TV,2019
2019,Qtr 2,aprile,7,2019,Qtr 2,giugno,30,Shounen,2600,Drama,df9be021-ff37-419e-ba6e-dda3e28eb763,329399,788,760,7.93,129436,Manga,Finished Airing,Platinum Vision,Kono Oto Tomare!,TV,2019
2019,Qtr 2,aprile,10,2019,Qtr 2,giugno,26,Seinen,3029,Action,835feda4-2db0-4753-8249-4575a3ceffe2,628043,368,6413,6.62,357922,Light novel,Finished Airing,SILVER LINK.,Kenja no Mago,TV,2019
2019,Qtr 3,luglio,2,2019,Qtr 3,settembre,17,Seinen,482,Comedy,ae0ccd13-2dde-4186-a20c-125f13fd7a79,289231,903,7790,6.39,133802,Manga,Finished Airing,LIDENFILMS,Tejina-senpai,TV,2019
2019,Qtr 3,luglio,5,2019,Qtr 3,settembre,20,Seinen,734,Comedy,27179c2f-72d7-4a49-a577-2fa6eaf9df4d,129717,1848,1301,0.77,50987,Web manga,Finished Airing,Passione,Joshikousei no Mudazukai,TV,2019
2019,Qtr 3,luglio,5,2019,Qtr 4,dicembre,13,Shounen,29595,Adventure,cfc3d743-bd89-48e2-991f-63e680cc4edf,1843226,49,318,8.27,1113597,Manga,Finished Airing,TMS Entertainment,Dr. Stone,TV,2019
2019,Qtr 3,luglio,8,2019,Qtr 3,settembre,23,Shounen,953,Comedy,4216f55e-b606-4389-b9dc-512817b140d8,344399,745,7307,6.47,166483,Light novel,Finished Airing,Geek Toys,Kawaikereba Hentai demo Suki ni Natte Kuremasu ka?,TV,2019
2019,Qtr 3,luglio,8,2019,Qtr 4,ottobre,7,Shounen,6799,Action,248525ed-ad1c-4ddc-a834-5d6ce66a3ad2,767549,276,5758,6.72,433906,Light novel,Finished Airing,"asread.,White Fox",Arifureta Shokugyou de Sekai Saikyou,TV,2019
2019,Qtr 3,luglio,8,2019,Qtr 4,dicembre,30,Seinen,52162,Action,5d1fc77e-706a-4fc5-bea8-486c9be0145d,1658297,70,40,8.77,960764,Manga,Finished Airing,Wit Studio,Vinland Saga,TV,2019
2019,Qtr 3,luglio,10,2019,Qtr 3,settembre,25,Shounen,554,Action,babc3f06-f618-487b-be06-c213ea75f489,348704,731,12239,5.48,181272,Light novel,Finished Airing,Encourage Films,Isekai Cheat Magician,TV,2019
2019,Qtr 3,luglio,12,2019,Qtr 3,settembre,27,Shounen,958,Action,e8d89021-c5e3-4f1c-aa21-fd275344b136,248484,1044,3322,7.21,103746,Manga,Finished Airing,J.C.Staff,Toaru Kagaku no Accelerator,TV,2019
2019,Qtr 3,luglio,12,2019,Qtr 3,settembre,27,Shounen,1231,Comedy,d4ff7502-b5d4-4fd2-845f-c8754b14dd8d,174148,1461,1470,7.63,66413,4-koma manga,Finished Airing,J.C.Staff,Machikado Mazoku,TV,2019
2019,Qtr 4,ottobre,5,2019,Qtr 4,dicembre,21,Shounen,167,Comedy,e06c860e-ac12-4b31-aa87-473cf190a24d,103134,2187,10475,0.59,37388,Manga,Finished Airing,Hoods Entertainment,Val x Love,TV,2019
2019,Qtr 4,ottobre,5,2020,Qtr 1,marzo,7,Shounen,4681,Comedy,d7037b2a-874a-4360-8a7b-07f2899152fd,528909,449,1196,7.74,277986,Manga,Finished Airing,Bandai Namco Pictures,Mairimashita! Iruma-kun,TV,2019
2019,Qtr 4,ottobre,10,2019,Qtr 4,dicembre,26,Seinen,782,Fantasy,29a0218e-8aac-4f92-887f-5940cb86f136,359706,713,10388,5.92,179501,Light novel,Finished Airing,EMT Squared,Assassins Pride,TV,2019
2019,Qtr 4,ottobre,10,2019,Qtr 4,dicembre,26,Shounen,10123,Drama,f5e3baad-3cd4-427c-a2ec-ad7d776b370d,902962,206,1030,0.78,559449,Manga,Finished Airing,Orange,Beastars,TV,2019
2020,Qtr 1,gennaio,6,2020,Qtr 1,marzo,30,Seinen,261,Mystery,384754ae-9079-433f-8abf-c7170538eff9,96636,2286,7474,6.44,30359,Manga,Finished Airing,Geno Studio,Pet,TV,2020
2020,Qtr 1,gennaio,9,2020,Qtr 1,marzo,26,Shounen,837,Slice of Life,588e9c81-c514-4f42-97b8-473ca01f9163,181640,1405,5811,6.72,68862,Visual novel,Finished Airing,Felix Film,Nekopara,TV,2020
2020,Qtr 1,gennaio,13,2020,Qtr 1,marzo,30,Seinen,9645,Action,34f45c13-2b78-4900-8af2-d0bb551101f4,589389,397,609,8.05,297058,Manga,Finished Airing,MAPPA,Dorohedoro,TV,2020
2020,Qtr 2,aprile,5,2020,Qtr 2,giugno,28,Seinen,1995,Action,9643f5da-c7da-4705-ac5b-4b4a4c7a649e,516434,461,4564,6.96,239321,Manga,Finished Airing,PINE JAM,Gleipnir,TV,2020
2020,Qtr 3,luglio,4,2020,Qtr 3,settembre,19,Shounen,142,Fantasy,baf5b3ce-17b2-4c85-bd8d-0c1c0c8787e4,48788,3379,6147,6.66,17086,Mixed media,Finished Airing,Yokohama Animation Laboratory,Lapis Re:LiGHTs,TV,2020
2020,Qtr 3,luglio,6,2020,Qtr 3,settembre,28,Shounen,4223,Action,3fb3f1c3-153e-400c-a0b3-4eb9cc53be3b,959405,188,4093,7.07,541571,Web manga,Finished Airing,MAPPA,The God of High School,TV,2020
2020,Qtr 3,luglio,10,2020,Qtr 3,settembre,25,Shounen,1757,Comedy,5a90308a-8b12-4a4d-9c6d-2487028fe319,504454,475,4524,6.97,272843,Web manga,Finished Airing,ENGI,Uzaki-chan wa Asobitai!,TV,2020
2020,Qtr 4,ottobre,2,2020,Qtr 4,ottobre,2,Shounen,713,Action,2ab11b28-0203-47cc-8a78-1edf6bd5a3ae,266684,982,3686,7.14,127549,Manga,Finished Airing,"Studio Colorido,team Yamahitsuji",Burn the Witch,ONA,2020
2020,Qtr 4,ottobre,2,2020,Qtr 4,dicembre,18,Shounen,4127,Adventure,b0c50912-623b-4bd7-84fc-7811f7961518,430901,571,1731,7.56,196992,Light novel,Finished Airing,C2C,Majo no Tabitabi,TV,2020
2020,Qtr 4,ottobre,3,2020,Qtr 4,dicembre,19,Shounen,10271,Comedy,30f3ac69-21b6-45ad-a110-d011b7aaadaa,791319,265,925,7.85,445215,Manga,Finished Airing,Seven Arcs,Tonikaku Kawaii,TV,2020
2020,Qtr 4,ottobre,3,2021,Qtr 1,marzo,27,Shounen,93405,Action,c52b2ce3-7f95-469c-96b0-479524fb7a1a,2779874,13,109,8.56,1825925,Manga,Finished Airing,MAPPA,Jujutsu Kaisen,TV,2020
2020,Qtr 4,ottobre,4,2020,Qtr 4,dicembre,27,Shounen,1678,Suspense,0386ed2f-7817-4706-8e5c-360b635bcfb6,356831,719,3532,7.17,174217,Manga,Finished Airing,Bridge,Munou na Nana,TV,2020
2020,Qtr 4,ottobre,7,2020,Qtr 4,dicembre,23,Seinen,1406,Action,ce9be7a2-721a-4710-a76d-b7c4af970bd1,323269,801,5880,0.67,143450,Light novel,Finished Airing,SILVER LINK.,"Kimi to Boku no Saigo no Senjou, Aruiwa Sekai ga Hajimaru Seisen",TV,2020
2020,Qtr 4,ottobre,8,2020,Qtr 4,dicembre,31,Seinen,1262,Action,f61952ad-63bb-4e81-a03e-9e50b9e23037,312268,839,4911,6.89,133283,Web manga,Finished Airing,Production I.G,Noblesse,TV,2020
2020,Qtr 4,ottobre,9,2020,Qtr 4,dicembre,25,Shounen,1611,Girls Love,a1620de1-6eb6-4948-b228-b232f910155a,201877,1272,3975,7.09,80211,Light novel,Finished Airing,Tezuka Productions,Adachi to Shimamura,TV,2020
2020,Qtr 4,ottobre,14,2020,Qtr 4,dicembre,30,Seinen,207,Comedy,b91ff650-4a5b-4f61-b69e-f1bff762e76e,79102,2588,12001,5.56,30072,Web manga,Finished Airing,Adonero,Dogeza de Tanondemita,TV,2020
2021,Qtr 1,gennaio,10,2021,Qtr 1,marzo,19,Seinen,463,Action,f736cce8-888e-49ff-9505-afc5853ebc04,235566,1115,1894,7.52,83486,Manga,Finished Airing,LIDENFILMS,Hataraku Saibou Black,TV,2021
2021,Qtr 1,gennaio,10,2021,Qtr 1,marzo,28,Shounen,2309,Action,edf170db-288b-4773-90df-1c542c69d4e9,399638,627,2537,7.36,178396,Manga,Finished Airing,Ajia-do,Kemono Jihen,TV,2021
2021,Qtr 1,gennaio,13,2021,Qtr 1,marzo,31,Seinen,6470,Action,ae3f5ff2-8b3b-42a4-a2bf-3d12ebde8504,615828,378,,6.33,352643,Light novel,Finished Airing,TNK,Kaifuku Jutsushi no Yarinaoshi,TV,2021
2021,Qtr 2,aprile,4,2021,Qtr 2,giugno,20,Shounen,2051,Action,380da075-2030-48d0-9c5f-86742be4ff10,400385,626,3719,7.14,187685,Light novel,Finished Airing,J.C.Staff,"Sentouin, Haken shimasu!",TV,2021
2021,Qtr 2,aprile,5,2021,Qtr 2,giugno,14,Josei,1710,Comedy,3671b0d9-ca3b-42d2-93b3-0e877bc48376,250059,1039,3802,7.12,114794,Web manga,Finished Airing,Nomad,Koi to Yobu ni wa Kimochi Warui,TV,2021
2021,Qtr 2,aprile,6,2021,Qtr 2,giugno,22,Shoujo,1295,Fantasy,7350be91-b5e1-467d-89df-a089d014d20b,226001,1161,2774,7.31,106369,Light novel,Finished Airing,Diomedéa,Seijo no Maryoku wa Bannou desu,TV,2021
2021,Qtr 2,aprile,6,2021,Qtr 2,giugno,22,Shounen,2113,Comedy,1180743d-8e38-4c00-b767-c53169fadc6a,362915,700,1626,7.59,163018,Manga,Finished Airing,8bit,Tensura Nikki: Tensei shitara Slime Datta Ken,TV,2021
2021,Qtr 2,aprile,7,2021,Qtr 2,giugno,23,Shounen,1053,Slice of Life,96e1ddf1-55f8-4089-ac9c-92fd6837affc,123828,1916,2146,7.45,50222,Light novel,Finished Airing,Studio Kai,Super Cub,TV,2021
2021,Qtr 2,aprile,11,2021,Qtr 3,settembre,19,Shounen,25251,Action,59b36734-f2d6-46d7-97c0-06cfd2380852,1331514,105,890,7.87,735925,Manga,Finished Airing,LIDENFILMS,Tokyo Revengers,TV,2021
2021,Qtr 2,aprile,11,2021,Qtr 4,ottobre,3,Shounen,1963,Action,bbaa17c4-0f36-4bbb-9861-34fc8fdf20fc,272348,954,3038,7.26,101860,Manga,Finished Airing,J.C.Staff,Edens Zero,TV,2021
2021,Qtr 2,aprile,14,2021,Qtr 2,aprile,14,Seinen,1,Sports,3f815f56-051d-4be1-ba64-7ed6dfcbcaee,514,17033,10865,5.82,182,Other,Finished Airing,Unknown,Heroes,ONA,2021
2021,Qtr 2,giugno,17,2021,Qtr 2,giugno,17,Seinen,1955,Action,b5b21ca1-bba5-4b9a-8cd1-6248f731650b,345892,741,5372,0.68,197194,Manga,Finished Airing,Graphinica,Shuumatsu no Walküre,ONA,2021
2021,Qtr 3,luglio,3,2021,Qtr 3,settembre,18,Shounen,7936,Action,e1d8b192-fa28-4651-bdaf-d4e0d4418ea8,582035,403,826,0.79,236891,Manga,Finished Airing,Bones,Vanitas no Karte,TV,2021
2021,Qtr 3,luglio,3,2021,Qtr 3,settembre,25,Shounen,2465,Drama,d381ddae-cd50-4259-9cc6-0fc1cb194a4b,363819,697,2436,7.39,168534,Light novel,Finished Airing,feel.,Bokutachi no Remake,TV,2021
2021,Qtr 3,luglio,4,2021,Qtr 3,settembre,19,Seinen,3205,Comedy,cabaab27-e76f-4737-807b-7dc948fca35a,392268,645,7645,6.41,149635,Light novel,Finished Airing,ENGI,"Tantei wa Mou, Shindeiru.",TV,2021
2021,Qtr 3,luglio,4,2021,Qtr 3,settembre,26,Shounen,2705,Action,1ef6ddce-7930-45ae-a335-9a45604b99f7,427602,577,3106,7.25,218805,Light novel,Finished Airing,J.C.Staff,Genjitsu Shugi Yuusha no Oukoku Saikenki,TV,2021
2021,Qtr 3,luglio,14,2021,Qtr 3,settembre,15,Shounen,1292,Comedy,88f98f21-bae9-4057-8a35-e0a7d427f1b8,212998,1222,7072,0.65,85088,Manga,Finished Airing,asread.,Megami-ryou no Ryoubo-kun.,TV,2021
2021,Qtr 3,agosto,1,2021,Qtr 4,dicembre,19,Shounen,1448,Comedy,2f4e5f5b-d930-4266-8c8a-c4cf9a81e51f,259503,1009,4337,7.01,89962,Manga,Finished Airing,SILVER LINK.,Jahy-sama wa Kujikenai!,TV,2021
2021,Qtr 4,ottobre,2,2021,Qtr 4,dicembre,18,Seinen,6449,Drama,f8e294c0-7c11-4c66-bdd7-4e25df52bf69,498739,483,1068,7.79,229691,Manga,Finished Airing,Seven Arcs,Blue Period,TV,2021
2021,Qtr 4,ottobre,3,2021,Qtr 4,dicembre,19,Seinen,3384,Comedy,6670ee28-f26d-4b61-b49c-d71149cd5a6e,528404,450,2411,7.39,241650,Web manga,Finished Airing,Passione,Mieruko-chan,TV,2021
2021,Qtr 4,ottobre,5,2021,Qtr 4,dicembre,21,Shounen,1004,Adventure,4088c3cc-6be2-4fb6-80b5-8d8606f00196,226139,1158,9007,6.17,109564,Light novel,Finished Airing,Hotline,Shinka no Mi: Shiranai Uchi ni Kachigumi Jinsei,TV,2021
2021,Qtr 4,ottobre,7,2021,Qtr 4,dicembre,23,Shounen,12210,Comedy,a96676e5-8ae2-425e-b549-7f15dd34a6d8,951509,190,967,7.83,504382,Manga,Finished Airing,OLM,"Komi-san wa, Comyushou desu.",TV,2021
2021,Qtr 4,ottobre,8,2022,Qtr 1,marzo,25,Shounen,2556,Drama,dc34064e-3cd4-48c4-9ec5-550845b96ffb,403601,617,9812,6.03,142289,Manga,Finished Airing,Signal.MD,Platinum End,TV,2021
2021,Qtr 4,ottobre,9,2021,Qtr 4,dicembre,25,Shounen,1209,Comedy,f42f3212-f2fd-4479-9d82-b9c55eaec820,159933,1581,1060,7.79,67507,Manga,Finished Airing,SynergySP,Taishou Otome Otogibanashi,TV,2021
2022,Qtr 1,gennaio,6,2022,Qtr 1,marzo,24,Shounen,520,Action,55a96d76-10a2-4c4b-bc60-3a4aa8325e50,122026,1933,6464,6.61,43238,Manga,Finished Airing,A.C.G.T.,Orient,TV,2022
2022,Qtr 1,gennaio,7,2022,Qtr 1,marzo,25,Seinen,292,Gourmet,4c05b1b4-7da6-4e7a-ae39-5cc2363093f0,67139,2848,3127,7.25,24560,Manga,Finished Airing,Connect,Slow Loop,TV,2022
2022,Qtr 1,gennaio,12,2022,Qtr 1,marzo,30,Shounen,836,Adventure,975f3334-8395-4393-84a2-50fcaccbcdc0,192603,1336,3767,7.13,87609,Web manga,Finished Airing,OLM,Fantasy Bishoujo Juniku Ojisan to,TV,2022
2022,Qtr 2,aprile,2,2022,Qtr 2,giugno,18,Shounen,2298,Comedy,9f39246a-8b05-4b19-b822-727e748723dc,363175,699,2933,7.28,155845,Manga,Finished Airing,Felix Film,Aharen-san wa Hakarenai,TV,2022
2022,Qtr 2,aprile,3,2022,Qtr 2,giugno,19,Shounen,2269,Action,28c77530-dfa1-4b05-8ec3-998960ba24d4,346845,738,2754,7.32,180290,Light novel,Finished Airing,ENGI,Otome Game Sekai wa Mob ni Kibishii Sekai desu,TV,2022
2022,Qtr 2,aprile,5,2022,Qtr 2,giugno,21,Seinen,2617,Comedy,8d420fe4-feb4-489e-b37f-6c75771fe8e3,315371,825,509,8.11,152709,Web manga,Finished Airing,P.A. Works,Paripi Koumei,TV,2022
2022,Qtr 2,aprile,6,2022,Qtr 2,giugno,22,Shounen,4293,Suspense,b35f67b6-bfb9-4cbd-86f0-621f37e6cb41,446224,549,1242,7.72,231681,Manga,Finished Airing,Okuruto Noboru,Tomodachi Game,TV,2022
2022,Qtr 2,aprile,7,2022,Qtr 2,giugno,23,Shounen,1784,Action,1f5a94b3-08f9-4b58-8354-db5cf22043d6,343600,748,3692,7.14,173172,Light novel,Finished Airing,"Studio Kai,HORNETS","Gaikotsu Kishi-sama, Tadaima Isekai e Odekakechuu",TV,2022
2022,Qtr 2,aprile,8,2022,Qtr 3,luglio,1,Shounen,759,Action,29cf8311-5951-42da-9e18-c435457c34b1,172890,1469,7792,6.39,58575,Light novel,Finished Airing,Tezuka Productions,Mahoutsukai Reimeiki,TV,2022
2022,Qtr 2,aprile,9,2022,Qtr 2,giugno,25,Shounen,40128,Action,6b958848-c885-4735-9201-12ee77abcb3c,1723123,61,154,8.47,1058100,Manga,Finished Airing,"Wit Studio,CloverWorks",Spy x Family,TV,2022
2022,Qtr 2,aprile,9,2022,Qtr 3,settembre,24,Seinen,3278,Sports,b73371d4-02dd-4db0-b448-d9afa3d698f1,234354,1118,450,8.16,118476,Manga,Finished Airing,Production I.G,Ao Ashi,TV,2022
2022,Qtr 2,aprile,10,2022,Qtr 3,luglio,3,Shounen,273,Action,1ab5f7e0-7768-457c-9f63-19471b6503cc,63903,2930,3926,0.71,24326,Manga,Finished Airing,CloverWorks,Kunoichi Tsubaki no Mune no Uchi,TV,2022
2022,Qtr 2,aprile,24,2022,Qtr 4,ottobre,2,Shounen,2277,Comedy,4e7a4a0f-8391-4069-839b-de2352297dab,305523,862,4992,6.87,117397,Manga,Finished Airing,"SynergySP,Shin-Ei Animation",Kakkou no Iinazuke,TV,2022
2022,Qtr 3,luglio,2,2022,Qtr 3,settembre,24,Shounen,9107,Action,9c21fbcd-e22e-4e6d-8258-7d580df9fc45,545057,436,465,8.15,264943,Original,Finished Airing,A-1 Pictures,Lycoris Recoil,TV,2022
2022,Qtr 3,luglio,6,2023,Qtr 1,marzo,8,Shounen,2175,Comedy,d8f1d7da-8bb1-407b-8be3-10ac2894d3c6,392946,643,1112,7.77,180351,Web manga,Finished Airing,Atelier Pontdarc,Isekai Ojisan,TV,2022
2022,Qtr 3,luglio,8,2022,Qtr 3,settembre,23,Shounen,675,Comedy,425f2ccf-581f-42cf-aed3-c3312fcde926,175723,1447,4308,7.02,55787,Manga,Finished Airing,SILVER LINK.,Soredemo Ayumu wa Yosetekuru,TV,2022
2022,Qtr 3,luglio,9,2022,Qtr 3,settembre,24,Shounen,1133,Action,dc332d04-d3b0-413c-a767-70f5e451b031,266831,978,4222,7.04,133528,Light novel,Finished Airing,Satelight,Kuro no Shoukanshi,TV,2022
2022,Qtr 4,ottobre,5,2022,Qtr 4,dicembre,21,Shounen,1805,Action,77fd8118-61b0-4b1f-95a6-2b839d754f81,308919,850,1928,7.51,151645,Light novel,Finished Airing,C2C,Tensei shitara Ken deshita,TV,2022
2022,Qtr 4,ottobre,6,2022,Qtr 4,dicembre,22,Shounen,638,Slice of Life,25369318-8035-40de-a488-d37a65f7d173,116374,2010,2184,7.45,44072,Original,Finished Airing,PINE JAM,Do It Yourself!!,TV,2022
2022,Qtr 4,ottobre,9,2022,Qtr 4,dicembre,25,Seinen,32618,Comedy,2e0fdb3b-632c-4f8f-a311-5b56952db647,681088,325,42,8.75,410686,4-koma manga,Finished Airing,CloverWorks,Bocchi the Rock!,TV,2022
2022,Qtr 4,ottobre,9,2022,Qtr 4,dicembre,25,Seinen,4164,Romance,b4c93297-b32f-4f90-b619-55456a38b0aa,366049,692,1614,7.59,195735,Manga,Finished Airing,studio MOTHER,"Fuufu Ijou, Koibito Miman.",TV,2022
2022,Qtr 4,ottobre,9,2023,Qtr 1,marzo,26,Shounen,13733,Sports,4141c5dc-c525-4df5-afd7-cc7d192a832f,796739,261,401,8.19,431565,Manga,Finished Airing,8bit,Blue Lock,TV,2022
2023,Qtr 1,gennaio,4,2023,Qtr 1,marzo,22,Josei,1249,Comedy,fbc8e1e4-cba6-48ec-b828-d613fe3d93a6,235658,1114,2810,7.31,96242,Web manga,Finished Airing,"Zero-G,Liber",Koori Zokusei Danshi to Cool na Douryou Joshi,TV,2023
2023,Qtr 1,gennaio,5,2023,Qtr 1,marzo,30,Shounen,3087,Comedy,76ee7069-23b4-493c-bc44-34ccbf3051a8,454271,536,1167,7.75,237092,Web manga,Finished Airing,Lay-duce,Tomo-chan wa Onnanoko!,TV,2023
2023,Qtr 1,gennaio,7,2023,Qtr 1,marzo,25,Shounen,6154,Romance,2fec6641-beb1-4ae9-a32f-204dd06688ac,371374,686,972,7.83,199585,Light novel,Finished Airing,Project No.9,Otonari no Tenshi-sama ni Itsunomanika Dame Ningen ni Sareteita Ken,TV,2023
2023,Qtr 1,gennaio,10,2023,Qtr 2,giugno,20,Seinen,1647,Comedy,cddd1849-ab36-4304-8103-06ba4062b5e6,229619,1139,1763,7.55,90707,Manga,Finished Airing,PINE JAM,Kubo-san wa Mob wo Yurusanai,TV,2023
2023,Qtr 1,gennaio,10,2023,Qtr 3,settembre,26,Shounen,306,Action,b49db7e7-0637-462c-9d09-372f5d09de4a,80808,2554,7558,6.43,21285,Manga,Finished Airing,Connect,Ayakashi Triangle,TV,2023
2023,Qtr 1,marzo,10,2023,Qtr 1,marzo,10,Shoujo,1,Fantasy,5882c48f-d645-4d14-af17-9f04946e49e4,565,16567,18392,,,Web manga,Finished Airing,Unknown,Observing Elena Evoy,ONA,2023
2023,Qtr 2,aprile,6,2023,Qtr 2,giugno,22,Shounen,1928,Comedy,939de251-3c43-42fd-ac6b-5676b3328e9d,359305,714,1968,0.75,150086,Light novel,Finished Airing,Drive,Kono Subarashii Sekai ni Bakuen wo!,TV,2023
2023,Qtr 2,aprile,7,2023,Qtr 2,giugno,30,Shounen,2262,Action,37838287-3fe9-443d-9d22-eafc1089140e,346436,739,8084,6.34,183682,Light novel,Finished Airing,Millepensee,"Isekai de Cheat Skill wo Te ni Shita Ore wa, Genjitsu Sekai wo mo Musou Suru: Level Up wa Jinsei wo Kaeta",TV,2023
2023,Qtr 2,aprile,12,2023,Qtr 2,giugno,28,Seinen,30348,Award Winning,296cbc31-af1a-4b5b-a34b-fee2b4cad542,934720,195,103,8.58,551006,Manga,Finished Airing,Doga Kobo,[Oshi no Ko],TV,2023
2023,Qtr 3,luglio,5,2023,Qtr 3,settembre,20,Shoujo,3168,Drama,8aa1fb77-c86e-41db-adfb-0737c3438113,337302,765,1246,7.72,169572,Novel,Finished Airing,Kinema Citrus,Watashi no Shiawase na Kekkon,TV,2023
2023,Qtr 3,luglio,9,2023,Qtr 3,settembre,24,Shounen,484,Action,b3949b7e-a3c1-4532-b571-279b0f44a01d,134447,1799,9706,6.05,49771,Light novel,Finished Airing,Actas,Eiyuu Kyoushitsu,TV,2023
2023,Qtr 3,settembre,29,2023,Qtr 4,dicembre,22,Shoujo,508,Romance,5c3f6203-ab26-4514-9600-1ef443e3fba6,80131,2569,11588,5.67,27879,Manga,Finished Airing,Project No.9,Ojou to Banken-kun,TV,2023
2023,Qtr 3,settembre,29,2024,Qtr 1,marzo,22,Shounen,65856,Adventure,b0b721ff-c388-4486-aa0f-c2b0bb321512,1072797,156,1,9.31,629015,Manga,Finished Airing,Madhouse,Sousou no Frieren,TV,2023
2023,Qtr 4,ottobre,2,2023,Qtr 4,dicembre,18,Seinen,685,Drama,c96f1bf8-a100-40bb-98ef-c240b9b7cf96,76909,2629,1733,7.56,34260,Manga,Finished Airing,Felix Film,MF Ghost,TV,2023
2023,Qtr 4,ottobre,2,2023,Qtr 4,dicembre,25,Seinen,594,Comedy,7f0a4f30-d434-4a22-8aae-3998897c9c20,91861,2352,1273,7.71,35562,Manga,Finished Airing,"Geek Toys,CompTown",Migi to Dali,TV,2023
2023,Qtr 4,ottobre,3,2023,Qtr 4,dicembre,19,Shounen,213,Action,4809bb6c-1af2-41c5-9291-983027602d7f,75973,2649,5785,6.72,25615,Manga,Finished Airing,8bit,Shy,TV,2023
2023,Qtr 4,ottobre,6,2023,Qtr 4,dicembre,22,Seinen,331,Action,04598a65-4f1f-4807-a419-d79ca7f67457,73352,2705,4876,6.89,24315,Manga,Finished Airing,Tezuka Productions,Under Ninja,TV,2023
2023,Qtr 4,ottobre,7,2024,Qtr 1,marzo,23,Shounen,1764,Action,cc1b8669-82b2-4232-99c1-40d48fc2d988,309965,845,1127,7.76,108190,Manga,Finished Airing,David Production,Undead Unluck,TV,2023
2023,Qtr 4,ottobre,8,2023,Qtr 4,dicembre,24,Shoujo,324,Comedy,77ae6d99-0d2d-4f63-8903-6246cac20897,86154,2453,3320,7.21,41165,Light novel,Finished Airing,SILVER LINK.,"Tearmoon Teikoku Monogatari: Dantoudai kara Hajimaru, Hime no Tensei Gyakuten Story",TV,2023
2023,Qtr 4,ottobre,12,2023,Qtr 4,ottobre,12,Shounen,204,Drama,1a16785f-c41f-48c2-ab68-2f102bf6ac72,58805,3065,4299,7.02,24880,Web manga,Finished Airing,NAZ,Good Night World,ONA,2023
2023,Qtr 4,ottobre,26,2023,Qtr 4,ottobre,26,Seinen,2767,Action,e171c073-4415-499b-85bc-ea93825127ac,209267,1238,169,8.45,90575,Manga,Finished Airing,Studio M2,Pluto,ONA,2023
2024,Qtr 1,gennaio,3,2024,Qtr 1,marzo,27,Seinen,1982,Action,feff4eaf-01df-4a05-83f4-68bb5cdf4fad,177295,1428,1471,7.63,80885,Web manga,Currently Airing,Asahi Production,Mahou Shoujo ni Akogarete,TV,2024
2024,Qtr 1,gennaio,6,2024,Qtr 1,marzo,23,Seinen,370,Action,df59c687-346f-45fa-b351-ee8dc09f752f,120691,1948,9584,6.07,46615,Manga,Currently Airing,Staple Entertainment,Kekkon Yubiwa Monogatari,TV,2024
2024,Qtr 1,gennaio,9,2024,Qtr 1,marzo,26,Shounen,994,Comedy,d8323b7b-9a7a-462b-90f0-2759fed52511,190042,1354,4216,7.04,84122,Manga,Currently Airing,"SILVER LINK.,Blade",Dosanko Gal wa Namara Menkoi,TV,2024
2024,Qtr 2,aprile,5,2024,Qtr 2,giugno,21,Shounen,693,Action,55ace2fb-e157-4d76-9e72-67c6bd762a39,176207,1445,2922,7.28,84577,Light novel,Currently Airing,Brain's Base,"Maou no Ore ga Dorei Elf wo Yome ni Shitanda ga, Dou Medereba Ii?",TV,2024
2024,Qtr 2,aprile,5,2024,Qtr 2,giugno,28,Shounen,2839,Action,c1c408f6-3dec-4d62-b6b3-b57e615d933c,361038,709,1208,7.74,176841,Web manga,Currently Airing,CloverWorks,Wind Breaker,TV,2024
2024,Qtr 2,aprile,7,2024,Qtr 2,giugno,16,Seinen,546,Comedy,10fab94e-2227-47e2-b059-f4762eb5ca4e,134485,1801,2101,7.46,45244,Web manga,Currently Airing,Gekkou,Jiisan Baasan Wakagaeru,TV,2024
2024,Qtr 2,aprile,10,2024,Qtr 2,giugno,26,Seinen,285,Mystery,16a16845-90d1-4895-b2b8-4895624588c7,94679,2310,5482,6.77,30131,Web manga,Currently Airing,Zero-G,Kaii to Otome to Kamikakushi,TV,2024
2024,Qtr 2,aprile,14,2024,Qtr 2,giugno,30,Shounen,381,Action,b41bef1e-7df9-4255-bd82-ecf570fec566,128524,1864,7457,6.44,58475,Light novel,Currently Airing,"Yokohama Animation Laboratory,Cloud Hearts",The New Gate,TV,2024
2024,Qtr 3,luglio,3,2024,Qtr 3,settembre,18,Shounen,5037,Comedy,6bf844c8-2ce4-401a-a761-3151042efe30,405502,614,1629,7.59,206150,Light novel,Currently Airing,Doga Kobo,Tokidoki Bosotto Russia-go de Dereru Tonari no Alya-san,TV,2024
2024,Qtr 3,luglio,7,2024,Qtr 3,settembre,22,Shounen,1626,Comedy,54e7001b-6112-4d5f-8b0e-d8df33abf72d,244847,1065,4372,7.01,96447,Manga,Currently Airing,Wit Studio,Shikanoko Nokonoko Koshitantan,TV,2024
2024,Qtr 3,luglio,7,2025,Qtr 1,gennaio,5,Shounen,1668,Action,52ede55c-1584-4019-b85b-3902a423c3ab,154856,1618,1504,7.62,31569,Web manga,Currently Airing,J.C.Staff,Fairy Tail: 100-nen Quest,TV,2024
2024,Qtr 3,luglio,14,2024,Qtr 3,settembre,29,Shounen,2859,Comedy,3da96505-f8e8-49d5-8c26-fbe4786a897f,262773,997,470,8.14,133614,Light novel,Currently Airing,A-1 Pictures,Make Heroine ga Oosugiru!,TV,2024
2024,Qtr 4,ottobre,2,2025,Qtr 1,marzo,26,Shounen,462,Comedy,ec6a3bbd-90a7-412d-aedf-15ead0ec26da,82458,2521,1939,7.51,24013,Manga,Currently Airing,Drive,Amagami-san Chi no Enmusubi,TV,2024
2025,Qtr 1,gennaio,5,2025,Qtr 1,marzo,23,Shoujo,89,Comedy,e75aa21a-8f97-4635-b3e8-f661eba8795a,29278,4392,11846,0.56,8793,Manga,Currently Airing,EMT Squared,Kisaki Kyouiku kara Nigetai Watashi,TV,2025
2025,Qtr 1,gennaio,11,2025,Qtr 1,marzo,22,Shounen,1789,Action,9d9b04ad-9a83-49f4-8ae4-a9a3780fe9c0,331613,782,1534,7.61,108859,Manga,Currently Airing,TMS Entertainment,Sakamoto Days,TV,2025
2025,Qtr 1,marzo,27,2025,Qtr 2,maggio,12,Shoujo,0,Slice of Life,dbd208cd-31fd-4c68-a377-d2bfec53ea8b,108,24451,19221,,,Original,Currently Airing,Studio DURIAN,Aka no Kioku,ONA,2025
2025,Qtr 2,aprile,2,2025,Qtr 2,maggio,12,Shounen,416,Comedy,46748d60-9b15-4647-8250-de0926b20268,57127,3108,7109,0.65,3666,Manga,Currently Airing,LIDENFILMS,"Haite Kudasai, Takamine-san",TV,2025
2025,Qtr 2,aprile,6,2025,Qtr 2,maggio,12,Seinen,47,Drama,a9dd451c-3c45-4d66-a818-4e1b78855838,10684,6608,,,,Manga,Currently Airing,CygamesPictures,Uma Musume: Cinderella Gray,TV,2025
2025,Qtr 3,luglio,1,2025,Qtr 2,maggio,12,Seinen,76,Comedy,e160a8e3-304f-4dca-838b-ee1821c490d8,12012,6288,,,,Light novel,Currently Airing,studio MOTHER,"Watashi ga Koibito ni Nareru Wake Nai jan, Muri Muri! (※Muri ja Nakatta!?)",TV,2025
2025,Qtr 3,luglio,1,2025,Qtr 2,maggio,12,Shounen,99,Action,85a99758-de39-471e-9f6d-800547f53d0a,21076,5064,,,,Manga,Currently Airing,Studio Hibari,Tougen Anki,TV,2025
2025,Qtr 3,luglio,1,2025,Qtr 2,maggio,12,Shounen,61,Adventure,9e80c192-6870-4500-afe9-e72e322689fe,16896,5514,,,,Light novel,Currently Airing,"Sotsu,Studio Clutch",Tsuyokute New Saga,TV,2025
2025,Qtr 4,ottobre,1,2025,Qtr 2,maggio,12,Shounen,27,Action,0fa5dab2-250a-4f69-bd15-9ceea54176fa,6215,8239,,,,Light novel,Currently Airing,Sunrise,Ansatsusha de Aru Ore no Status ga Yuusha yori mo Akiraka ni Tsuyoi no da ga,TV,2025
